id,address_city,address_street,address_suite,address_zipcode,address_geo_lat,address_geo_lng
1,Gwenborough,Kulas Light,Apt. 556,92998-3874,-37.3159,81.1496
2,Wisokyburgh,Victor Plains,Suite 879,90566-7771,-43.9509,-34.4618
3,McKenziehaven,Douglas Extension,Suite 847,59590-4157,-68.6102,-47.0653
4,South Elvis,Hoeger Mall,Apt. 692,53919-4257,29.4572,-164.299
5,Roscoeview,Skiles Walks,Suite 351,33263,-31.8129,62.5342
6,South Christy,Norberto Crossing,Apt. 950,23505-1337,-71.4197,71.7478
7,Howemouth,Rex Trail,Suite 280,58804-1099,24.8918,21.8984
8,Aliyaview,Ellsworth Summit,Suite 729,45169,-14.399,-120.7677
9,Bartholomebury,Dayna Park,Suite 449,76495-3109,24.6463,-168.8889
10,Lebsackbury,Kattie Turnpike,Suite 198,31428-2261,-38.2386,57.2232
11,Lebsackbury,Kattie Turnpike,Suite 198,31825-2261,-38.2386,57.2232
12,Lebsackbury,Kattie TR,Suite 198,32588-1111,-38.2386,57.2232
13,Lebsackbury,Kattie TR,Suite 198,32891-1561,-38.2386,57.2232
